parent_a,Lifestyle_(sociology),Entertainment,Music,Video_game_culture,Pop_music,Action_game,Role-playing_video_game,Sport,Vehicle
Lifestyle_(sociology),2.0749076251259657,0.8885252895512387,0.4121356002108045,0.2178839812601582,0.241339223746225,0.0805906150048925,0.0652216692094454,1.0367506447355714,2.0465883133316365
Entertainment,0.8885252895512387,2.8957091164793956,0.6718730572330918,0.3780206286450021,0.3760919034675232,0.1460444597876564,0.107448896740693,0.4207943842843855,0.2082134384685584
Music,0.4121356002108045,0.6718730572330918,4.533681965182688,0.0992601019550146,4.5125888760650845,0.0522724039785958,0.0393338664891717,0.0860397824489055,0.0679146765756394
Video_game_culture,0.2178839812601582,0.3780206286450021,0.0992601019550146,8.089048944180718,0.0400114571410084,8.082796539199707,8.086889561120339,0.2193045667393444,0.2450410965114664
Pop_music,0.241339223746225,0.3760919034675232,4.5125888760650845,0.0400114571410084,9.680395709878054,0.0218237584441695,0.0155051719859232,0.0288692836677941,0.0145012585534125
Action_game,0.0805906150048925,0.1460444597876564,0.0522724039785958,8.082796539199707,0.0218237584441695,12.731980676328504,10.513400754685836,0.0310662399585079,0.0826476774928115
Role-playing_video_game,0.0652216692094454,0.107448896740693,0.0393338664891717,8.086889561120339,0.0155051719859232,10.513400754685836,13.191671115856916,0.0178821622825768,0.0658705282083401
Sport,1.0367506447355714,0.4207943842843855,0.0860397824489055,0.2193045667393444,0.0288692836677941,0.0310662399585079,0.0178821622825768,26.794631964213092,2.8096901027720125
Vehicle,2.0465883133316365,0.2082134384685584,0.0679146765756394,0.2450410965114664,0.0145012585534125,0.0826476774928115,0.0658705282083401,2.8096901027720125,32.900133155792275
